{
  "logistic": {
    "roc_auc_mean": 0.9337675555804216,
    "pr_auc_mean": 0.5282716902537403,
    "f1_mean": 0.395127801930734,
    "precision_at_recall_0.9_mean": 0.13598920651331212,
    "roc_auc_std": 0.0033925596957574493,
    "pr_auc_std": 0.032594041743256114,
    "f1_std": 0.025494160351861903,
    "precision_at_recall_0.9_std": 0.028337892158664234
  },
  "random_forest": {
    "roc_auc_mean": 0.9608750709686374,
    "pr_auc_mean": 0.6802806187648928,
    "f1_mean": 0.6306009461968844,
    "precision_at_recall_0.9_mean": 0.2606571369664899,
    "roc_auc_std": 0.015939693242588177,
    "pr_auc_std": 0.034262620131024976,
    "f1_std": 0.03767149460919549,
    "precision_at_recall_0.9_std": 0.06623218197068853
  },
  "hybrid_lgbm_gam": {
    "roc_auc_mean": 0.9623385767461613,
    "pr_auc_mean": 0.8571962382587296,
    "f1_mean": 0.7758287438305043,
    "precision_at_recall_0.9_mean": 0.6110729661959171,
    "roc_auc_std": 0.02241199829051641,
    "pr_auc_std": 0.019598730293227784,
    "f1_std": 0.014506997427491395,
    "precision_at_recall_0.9_std": 0.0723246781036642
  }
}