treatment_value,ate
1200.0,0.07882136009846274
1400.0,0.03941068004923133
1600.0,0.0
1800.0,-0.03941068004923181
2000.0,-0.0788213600984632
2200.0,-0.11823204014769455
2400.0,-0.15764272019692593
2600.0,-0.1970534002461573
2800.0,-0.23646408029538873
