treatment_value,ate
20.0,-0.06759056613282345
25.0,-0.050692924599617495
30.0,-0.033795283066411594
35.0,-0.016897641533205925
40.0,0.0
45.0,0.016897641533206026
50.0,0.03379528306641191
55.0,0.05069292459961783
60.0,0.06759056613282372
65.0,0.08448820766602962
70.0,0.10138584919923505
75.0,0.11828349073244146
